Date, AAPL, MSFT,BIDU
2019-12-31 00:00:00,,,126.4000015258789
2020-01-02 00:00:00,,,138.22000122070312
2020-01-03 00:00:00,,,133.8000030517578
2020-01-06 00:00:00,,,135.94000244140625
2020-01-07 00:00:00,,,136.6999969482422
2020-01-08 00:00:00,,,137.8300018310547
2020-01-09 00:00:00,,,140.86000061035156
2020-01-10 00:00:00,,,144.50999450683594
2020-01-13 00:00:00,,,142.25999450683594
2020-01-14 00:00:00,,,140.0399932861328
2020-01-15 00:00:00,,,139.39999389648438
2020-01-16 00:00:00,,,139.49000549316406
2020-01-17 00:00:00,,,139.61000061035156
2020-01-21 00:00:00,,,137.10000610351562
2020-01-22 00:00:00,,,134.8000030517578
2020-01-23 00:00:00,,,134.1999969482422
2020-01-24 00:00:00,,,130.0
2020-01-27 00:00:00,,,126.27999877929688
2020-01-28 00:00:00,,,126.93000030517578
2020-01-29 00:00:00,,,126.47000122070312
2020-01-30 00:00:00,,,125.73999786376953
2020-01-31 00:00:00,,,123.55999755859375
2020-02-03 00:00:00,,,130.49000549316406
2020-02-04 00:00:00,,,131.3699951171875
2020-02-05 00:00:00,,,130.75
2020-02-06 00:00:00,,,133.16000366210938
2020-02-07 00:00:00,,,130.91000366210938
2020-02-10 00:00:00,,,131.0500030517578
2020-02-11 00:00:00,,,133.99000549316406
2020-02-12 00:00:00,,,137.49000549316406
2020-02-13 00:00:00,,,135.17999267578125
2020-02-14 00:00:00,,,134.57000732421875
2020-02-18 00:00:00,,,134.17999267578125
2020-02-19 00:00:00,,,135.80999755859375
2020-02-20 00:00:00,,,132.4600067138672
2020-02-21 00:00:00,,,129.8000030517578
2020-02-24 00:00:00,,,125.83000183105469
2020-02-25 00:00:00,,,124.43000030517578
2020-02-26 00:00:00,,,123.54000091552734
2020-02-27 00:00:00,,,119.91000366210938
2020-02-28 00:00:00,,,119.9800033569336
2020-03-02 00:00:00,,,120.7699966430664
2020-03-03 00:00:00,,,117.97000122070312
2020-03-04 00:00:00,,,121.41000366210938
2020-03-05 00:00:00,,,118.23999786376953
2020-03-06 00:00:00,,,113.73999786376953
2020-03-09 00:00:00,,,106.6500015258789
2020-03-10 00:00:00,,,111.91000366210938
2020-03-11 00:00:00,,,108.25
2020-03-12 00:00:00,,,99.0
2020-03-13 00:00:00,,,100.29000091552734
2020-03-16 00:00:00,,,89.68000030517578
2020-03-17 00:00:00,,,91.12999725341797
2020-03-18 00:00:00,,,83.62000274658203
2020-03-19 00:00:00,,,89.62000274658203
2020-03-20 00:00:00,,,88.66000366210938
2020-03-23 00:00:00,,,91.22000122070312
2020-03-24 00:00:00,,,96.43000030517578
2020-03-25 00:00:00,,,96.91999816894531
2020-03-26 00:00:00,,,101.81999969482422
2020-03-27 00:00:00,,,97.62999725341797
2020-03-30 00:00:00,,,98.94999694824219
2020-03-31 00:00:00,,,100.79000091552734
2020-04-01 00:00:00,,,97.68000030517578
2020-04-02 00:00:00,,,99.58999633789062
2020-04-03 00:00:00,,,97.19999694824219
2020-04-06 00:00:00,,,102.94000244140625
2020-04-07 00:00:00,,,101.79000091552734
2020-04-08 00:00:00,,,97.33000183105469
2020-04-09 00:00:00,,,99.0
2020-04-13 00:00:00,,,98.37000274658203
2020-04-14 00:00:00,,,100.91999816894531
2020-04-15 00:00:00,,,100.87000274658203
2020-04-16 00:00:00,,,102.81999969482422
2020-04-17 00:00:00,,,105.0
2020-04-20 00:00:00,,,104.68000030517578
2020-04-21 00:00:00,,,101.41000366210938
2020-04-22 00:00:00,,,101.75
2020-04-23 00:00:00,,,99.8499984741211
2020-04-24 00:00:00,,,100.94999694824219
2020-04-27 00:00:00,,,100.55999755859375
2020-04-28 00:00:00,,,97.12999725341797
2020-04-29 00:00:00,,,99.66999816894531
2020-04-30 00:00:00,,,100.93000030517578
2020-05-01 00:00:00,,,96.0199966430664
2020-05-04 00:00:00,,,94.76000213623047
2020-05-05 00:00:00,,,95.7699966430664
2020-05-06 00:00:00,,,97.08000183105469
2020-05-07 00:00:00,,,98.18000030517578
2020-05-08 00:00:00,,,99.7699966430664
2020-05-11 00:00:00,,,99.55000305175781
2020-05-12 00:00:00,,,97.47000122070312
2020-05-13 00:00:00,,,95.48999786376953
2020-05-14 00:00:00,,,96.0199966430664
2020-05-15 00:00:00,,,99.86000061035156
2020-05-18 00:00:00,,,107.58999633789062
2020-05-19 00:00:00,,,109.75
2020-05-20 00:00:00,,,108.5199966430664
2020-05-21 00:00:00,,,110.02999877929688
2020-05-22 00:00:00,,,103.31999969482422
2020-05-26 00:00:00,,,108.36000061035156
2020-05-27 00:00:00,,,108.22000122070312
2020-05-28 00:00:00,,,106.31999969482422
2020-05-29 00:00:00,,,106.55000305175781
2020-06-01 00:00:00,,,107.0999984741211
2020-06-02 00:00:00,,,107.2300033569336
2020-06-03 00:00:00,,,112.44999694824219
2020-06-04 00:00:00,,,109.05999755859375
2020-06-05 00:00:00,,,114.4000015258789
2020-06-08 00:00:00,,,117.02999877929688
2020-06-09 00:00:00,,,115.83000183105469
2020-06-10 00:00:00,,,116.80999755859375
2020-06-11 00:00:00,,,111.83000183105469
2020-06-12 00:00:00,,,116.2699966430664
2020-06-15 00:00:00,,,116.81999969482422
2020-06-16 00:00:00,,,122.77999877929688
2020-06-17 00:00:00,,,122.02999877929688
2020-06-18 00:00:00,,,123.45999908447266
2020-06-19 00:00:00,,,123.08000183105469
2020-06-22 00:00:00,,,123.08000183105469
2020-06-23 00:00:00,,,123.33000183105469
2020-06-24 00:00:00,,,121.37000274658203
2020-06-25 00:00:00,,,123.7300033569336
2020-06-26 00:00:00,,,121.80000305175781
2020-06-29 00:00:00,,,121.29000091552734
2020-06-30 00:00:00,,,119.88999938964844
2020-07-01 00:00:00,,,120.62999725341797
2020-07-02 00:00:00,,,123.30000305175781
2020-07-06 00:00:00,,,132.92999267578125
2020-07-07 00:00:00,,,127.83000183105469
2020-07-08 00:00:00,,,130.63999938964844
2020-07-09 00:00:00,,,132.52999877929688
2020-07-10 00:00:00,,,132.3300018310547
2020-07-13 00:00:00,,,127.83999633789062
2020-07-14 00:00:00,,,125.48999786376953
2020-07-15 00:00:00,,,125.05000305175781
2020-07-16 00:00:00,,,123.43000030517578
2020-07-17 00:00:00,,,122.7699966430664
2020-07-20 00:00:00,,,124.3499984741211
2020-07-21 00:00:00,,,125.22000122070312
2020-07-22 00:00:00,,,122.75
2020-07-23 00:00:00,,,121.0999984741211
2020-07-24 00:00:00,,,119.0199966430664
2020-07-27 00:00:00,,,115.86000061035156
2020-07-28 00:00:00,,,115.69000244140625
2020-07-29 00:00:00,,,119.81999969482422
2020-07-30 00:00:00,,,118.0
2020-07-31 00:00:00,,,119.4000015258789
2020-08-03 00:00:00,,,120.55000305175781
2020-08-04 00:00:00,,,126.66999816894531
2020-08-05 00:00:00,,,125.8499984741211
2020-08-06 00:00:00,,,125.58000183105469
2020-08-07 00:00:00,,,125.0
2020-08-10 00:00:00,,,125.05999755859375
2020-08-11 00:00:00,,,124.5999984741211
2020-08-12 00:00:00,,,126.11000061035156
2020-08-13 00:00:00,,,124.56999969482422
2020-08-14 00:00:00,,,116.73999786376953
2020-08-17 00:00:00,,,123.91999816894531
2020-08-18 00:00:00,,,124.19999694824219
2020-08-19 00:00:00,,,122.70999908447266
2020-08-20 00:00:00,,,123.4800033569336
2020-08-21 00:00:00,,,122.44999694824219
2020-08-24 00:00:00,,,122.87999725341797
2020-08-25 00:00:00,,,125.69999694824219
2020-08-26 00:00:00,,,127.47000122070312
2020-08-27 00:00:00,,,127.25
2020-08-28 00:00:00,,,129.0
2020-08-31 00:00:00,,,124.56999969482422
2020-09-01 00:00:00,,,126.93000030517578
2020-09-02 00:00:00,,,124.26000213623047
2020-09-03 00:00:00,,,121.41999816894531
2020-09-04 00:00:00,,,122.87000274658203
2020-09-08 00:00:00,,,119.30999755859375
2020-09-09 00:00:00,,,119.4000015258789
2020-09-10 00:00:00,,,119.16000366210938
2020-09-11 00:00:00,,,120.62000274658203
2020-09-14 00:00:00,,,121.87999725341797
2020-09-15 00:00:00,,,124.48999786376953
2020-09-16 00:00:00,,,126.02999877929688
2020-09-17 00:00:00,,,124.66999816894531
2020-09-18 00:00:00,,,124.66000366210938
2020-09-21 00:00:00,,,124.55000305175781
2020-09-22 00:00:00,,,124.02999877929688
2020-09-23 00:00:00,,,122.91999816894531
2020-09-24 00:00:00,,,123.76000213623047
2020-09-25 00:00:00,,,123.79000091552734
2020-09-28 00:00:00,,,126.04000091552734
2020-09-29 00:00:00,,,122.58000183105469
2020-09-30 00:00:00,,,126.58999633789062
2020-10-01 00:00:00,,,126.44999694824219
2020-10-02 00:00:00,,,124.62000274658203
2020-10-05 00:00:00,,,124.69999694824219
2020-10-06 00:00:00,,,124.83000183105469
2020-10-07 00:00:00,,,126.3499984741211
2020-10-08 00:00:00,,,126.75
2020-10-09 00:00:00,,,126.48999786376953
2020-10-12 00:00:00,,,127.72000122070312
2020-10-13 00:00:00,,,127.05000305175781
2020-10-14 00:00:00,,,136.07000732421875
2020-10-15 00:00:00,,,130.0399932861328
2020-10-16 00:00:00,,,130.3699951171875
2020-10-19 00:00:00,,,129.25
2020-10-20 00:00:00,,,130.0800018310547
2020-10-21 00:00:00,,,134.83999633789062
2020-10-22 00:00:00,,,132.86000061035156
2020-10-23 00:00:00,,,133.92999267578125
2020-10-26 00:00:00,,,132.9499969482422
2020-10-27 00:00:00,,,134.88999938964844
2020-10-28 00:00:00,,,130.6999969482422
2020-10-29 00:00:00,,,131.9600067138672
2020-10-30 00:00:00,,,133.0500030517578
2020-11-02 00:00:00,,,134.0500030517578
2020-11-03 00:00:00,,,134.11000061035156
2020-11-04 00:00:00,,,140.30999755859375
2020-11-05 00:00:00,,,143.94000244140625
2020-11-06 00:00:00,,,144.0
2020-11-09 00:00:00,,,144.19000244140625
2020-11-10 00:00:00,,,143.25
2020-11-11 00:00:00,,,143.05999755859375
2020-11-12 00:00:00,,,142.47000122070312
2020-11-13 00:00:00,,,145.0800018310547
2020-11-16 00:00:00,,,147.83999633789062
2020-11-17 00:00:00,,,143.9199981689453
2020-11-18 00:00:00,,,142.07000732421875
2020-11-19 00:00:00,,,136.47999572753906
2020-11-20 00:00:00,,,136.11000061035156
2020-11-23 00:00:00,,,133.0399932861328
2020-11-24 00:00:00,,,134.36000061035156
2020-11-25 00:00:00,,,136.0
2020-11-27 00:00:00,,,139.4199981689453
2020-11-30 00:00:00,,,138.99000549316406
2020-12-01 00:00:00,,,140.25999450683594
2020-12-02 00:00:00,,,143.6999969482422
2020-12-03 00:00:00,,,144.24000549316406
2020-12-04 00:00:00,,,144.07000732421875
2020-12-07 00:00:00,,,144.3000030517578
2020-12-08 00:00:00,,,144.99000549316406
2020-12-09 00:00:00,,,151.58999633789062
2020-12-10 00:00:00,,,158.32000732421875
2020-12-11 00:00:00,,,161.24000549316406
2020-12-14 00:00:00,,,162.9600067138672
2020-12-15 00:00:00,,,185.5
2020-12-16 00:00:00,,,190.39999389648438
2020-12-17 00:00:00,,,190.11000061035156
2020-12-18 00:00:00,,,192.69000244140625
2020-12-21 00:00:00,,,193.0800018310547
2020-12-22 00:00:00,,,191.25999450683594
2020-12-23 00:00:00,,,193.36000061035156
2020-12-24 00:00:00,,,191.02000427246094
2020-12-28 00:00:00,,,193.0800018310547
2020-12-29 00:00:00,,,195.07000732421875
2020-12-30 00:00:00,,,219.6300048828125
2020-12-31 00:00:00,,,216.24000549316406
2021-01-04 00:00:00,,,216.8000030517578
2021-01-05 00:00:00,,,214.0
2021-01-06 00:00:00,,,203.97000122070312
2021-01-07 00:00:00,,,207.88999938964844
2021-01-08 00:00:00,,,240.25
2021-01-11 00:00:00,,,219.5500030517578
2021-01-12 00:00:00,,,239.4499969482422
2021-01-13 00:00:00,,,236.94000244140625
2021-01-14 00:00:00,,,249.0
2021-01-15 00:00:00,,,238.8699951171875
2021-01-19 00:00:00,,,250.4199981689453
2021-01-20 00:00:00,,,260.8999938964844
2021-01-21 00:00:00,,,251.91000366210938
2021-01-22 00:00:00,,,252.75
2021-01-25 00:00:00,,,254.8699951171875
2021-01-26 00:00:00,,,248.3000030517578
2021-01-27 00:00:00,,,237.17999267578125
2021-01-28 00:00:00,,,244.8699951171875
2021-01-29 00:00:00,,,235.02000427246094
2021-02-01 00:00:00,,,241.88999938964844
2021-02-02 00:00:00,,,250.52000427246094
2021-02-03 00:00:00,,,251.27999877929688
2021-02-04 00:00:00,,,258.42999267578125
2021-02-05 00:00:00,,,270.1300048828125
2021-02-08 00:00:00,,,276.6000061035156
2021-02-09 00:00:00,,,295.0400085449219
2021-02-10 00:00:00,,,304.04998779296875
2021-02-11 00:00:00,,,309.5899963378906
2021-02-12 00:00:00,,,313.0
2021-02-16 00:00:00,,,326.20001220703125
2021-02-17 00:00:00,,,308.67999267578125
2021-02-18 00:00:00,,,298.010009765625
2021-02-19 00:00:00,,,339.9100036621094
2021-02-22 00:00:00,,,335.7900085449219
2021-02-23 00:00:00,,,322.6099853515625
2021-02-24 00:00:00,,,304.010009765625
2021-02-25 00:00:00,,,294.20001220703125
2021-02-26 00:00:00,,,283.4599914550781
2021-03-01 00:00:00,,,295.5799865722656
2021-03-02 00:00:00,,,301.92999267578125
2021-03-03 00:00:00,,,277.79998779296875
2021-03-04 00:00:00,,,260.5899963378906
2021-03-05 00:00:00,,,261.7200012207031
2021-03-08 00:00:00,,,232.67999267578125
2021-03-09 00:00:00,,,264.2799987792969
2021-03-10 00:00:00,,,255.13999938964844
2021-03-11 00:00:00,,,272.3800048828125
2021-03-12 00:00:00,,,264.25
2021-03-15 00:00:00,,,265.5299987792969
2021-03-16 00:00:00,,,266.7799987792969
2021-03-17 00:00:00,,,277.1300048828125
2021-03-18 00:00:00,,,264.8500061035156
2021-03-19 00:00:00,,,257.4700012207031
2021-03-22 00:00:00,,,266.1300048828125
2021-03-23 00:00:00,,,261.54998779296875
2021-03-24 00:00:00,,,239.19000244140625
2021-03-25 00:00:00,,,204.57000732421875
2021-03-26 00:00:00,,,208.61000061035156
2021-03-29 00:00:00,,,204.6999969482422
2021-03-30 00:00:00,,,218.22999572753906
2021-03-31 00:00:00,,,217.5500030517578
2021-04-01 00:00:00,,,219.6999969482422
2021-04-05 00:00:00,,,222.2899932861328
2021-04-06 00:00:00,,,226.5500030517578
2021-04-07 00:00:00,,,222.0
2021-04-08 00:00:00,,,226.77000427246094
2021-04-09 00:00:00,,,219.6699981689453
2021-04-12 00:00:00,,,214.13999938964844
2021-04-13 00:00:00,,,216.55999755859375
2021-04-14 00:00:00,,,216.25999450683594
2021-04-15 00:00:00,,,210.22999572753906
2021-04-16 00:00:00,,,213.55999755859375
2021-04-19 00:00:00,,,209.89999389648438
2021-04-20 00:00:00,,,207.99000549316406
2021-04-21 00:00:00,,,214.63999938964844
2021-04-22 00:00:00,,,214.55999755859375
2021-04-23 00:00:00,,,220.94000244140625
2021-04-26 00:00:00,,,216.4600067138672
2021-04-27 00:00:00,,,216.39999389648438
2021-04-28 00:00:00,,,215.8300018310547
2021-04-29 00:00:00,,,212.2899932861328
2021-04-30 00:00:00,,,210.3300018310547
2021-05-03 00:00:00,,,204.94000244140625
2021-05-04 00:00:00,,,199.97999572753906
2021-05-05 00:00:00,,,195.6300048828125
2021-05-06 00:00:00,,,192.3300018310547
2021-05-07 00:00:00,,,191.5500030517578
2021-05-10 00:00:00,,,183.44000244140625
2021-05-11 00:00:00,,,189.72000122070312
2021-05-12 00:00:00,,,183.2899932861328
2021-05-13 00:00:00,,,179.3000030517578
2021-05-14 00:00:00,,,186.2100067138672
2021-05-17 00:00:00,,,189.1999969482422
2021-05-18 00:00:00,,,188.8800048828125
2021-05-19 00:00:00,,,189.16000366210938
2021-05-20 00:00:00,,,193.30999755859375
2021-05-21 00:00:00,,,189.52999877929688
2021-05-24 00:00:00,,,188.9600067138672
2021-05-25 00:00:00,,,192.77000427246094
2021-05-26 00:00:00,,,194.8800048828125
2021-05-27 00:00:00,,,194.80999755859375
2021-05-28 00:00:00,,,196.27000427246094
2021-06-01 00:00:00,,,201.82000732421875
2021-06-02 00:00:00,,,197.85000610351562
2021-06-03 00:00:00,,,189.97000122070312
2021-06-04 00:00:00,,,192.99000549316406
2021-06-07 00:00:00,,,188.9199981689453
2021-06-08 00:00:00,,,188.5800018310547
2021-06-09 00:00:00,,,186.72999572753906
2021-06-10 00:00:00,,,190.2100067138672
2021-06-11 00:00:00,,,187.69000244140625
2021-06-14 00:00:00,,,189.8300018310547
2021-06-15 00:00:00,,,186.3000030517578
2021-06-16 00:00:00,,,184.61000061035156
2021-06-17 00:00:00,,,185.55999755859375
2021-06-18 00:00:00,,,186.33999633789062
2021-06-21 00:00:00,,,185.55999755859375
2021-06-22 00:00:00,,,187.61000061035156
2021-06-23 00:00:00,,,189.1699981689453
2021-06-24 00:00:00,,,194.77000427246094
2021-06-25 00:00:00,,,202.63999938964844
2021-06-28 00:00:00,,,205.17999267578125
2021-06-29 00:00:00,,,207.6699981689453
2021-06-30 00:00:00,,,203.89999389648438
2021-07-01 00:00:00,,,201.4600067138672
2021-07-02 00:00:00,,,196.6999969482422
2021-07-06 00:00:00,,,186.9499969482422
2021-07-07 00:00:00,,,182.7100067138672
2021-07-08 00:00:00,,,175.8800048828125
2021-07-09 00:00:00,,,181.36000061035156
2021-07-12 00:00:00,,,180.38999938964844
2021-07-13 00:00:00,,,184.58999633789062
2021-07-14 00:00:00,,,181.33999633789062
2021-07-15 00:00:00,,,185.52000427246094
2021-07-16 00:00:00,,,179.5800018310547
2021-07-19 00:00:00,,,176.4499969482422
2021-07-20 00:00:00,,,177.88999938964844
2021-07-21 00:00:00,,,180.50999450683594
2021-07-22 00:00:00,,,178.49000549316406
2021-07-23 00:00:00,,,172.66000366210938
2021-07-26 00:00:00,,,162.3699951171875
2021-07-27 00:00:00,,,157.8300018310547
2021-07-28 00:00:00,,,166.77999877929688
2021-07-29 00:00:00,,,167.05999755859375
2021-07-30 00:00:00,,,164.00999450683594
2021-08-02 00:00:00,,,166.61000061035156
2021-08-03 00:00:00,,,164.08999633789062
2021-08-04 00:00:00,,,163.82000732421875
2021-08-05 00:00:00,,,165.86000061035156
2021-08-06 00:00:00,,,164.25999450683594
2021-08-09 00:00:00,,,166.52999877929688
2021-08-10 00:00:00,,,165.5500030517578
2021-08-11 00:00:00,,,164.9499969482422
2021-08-12 00:00:00,,,159.6300048828125
2021-08-13 00:00:00,,,152.4499969482422
2021-08-16 00:00:00,,,146.57000732421875
2021-08-17 00:00:00,,,142.3800048828125
2021-08-18 00:00:00,,,142.9600067138672
2021-08-19 00:00:00,,,137.3300018310547
2021-08-20 00:00:00,,,137.64999389648438
2021-08-23 00:00:00,,,142.75999450683594
2021-08-24 00:00:00,,,155.0800018310547
2021-08-25 00:00:00,,,155.1300048828125
2021-08-26 00:00:00,,,154.47000122070312
2021-08-27 00:00:00,,,153.25999450683594
2021-08-30 00:00:00,,,153.17999267578125
2021-08-31 00:00:00,,,157.02000427246094
2021-09-01 00:00:00,,,165.17999267578125
2021-09-02 00:00:00,,,162.3699951171875
2021-09-03 00:00:00,,,162.97999572753906
2021-09-07 00:00:00,,,166.67999267578125
2021-09-08 00:00:00,,,162.67999267578125
2021-09-09 00:00:00,,,163.64999389648438
2021-09-10 00:00:00,,,164.10000610351562
2021-09-13 00:00:00,,,163.25999450683594
2021-09-14 00:00:00,,,160.52000427246094
2021-09-15 00:00:00,,,161.72999572753906
2021-09-16 00:00:00,,,159.55999755859375
2021-09-17 00:00:00,,,162.2100067138672
2021-09-20 00:00:00,,,154.5
2021-09-21 00:00:00,,,156.7100067138672
2021-09-22 00:00:00,,,159.8800048828125
2021-09-23 00:00:00,,,160.5
2021-09-24 00:00:00,,,156.57000732421875
2021-09-27 00:00:00,,,156.94000244140625
2021-09-28 00:00:00,,,154.02000427246094
2021-09-29 00:00:00,,,151.9199981689453
2021-09-30 00:00:00,,,153.75
2021-10-01 00:00:00,,,151.5800018310547
2021-10-04 00:00:00,,,146.38999938964844
2021-10-05 00:00:00,,,149.8000030517578
2021-10-06 00:00:00,,,149.36000061035156
2021-10-07 00:00:00,,,156.5500030517578
2021-10-08 00:00:00,,,162.08999633789062
2021-10-11 00:00:00,,,162.16000366210938
2021-10-12 00:00:00,,,159.47000122070312
2021-10-13 00:00:00,,,163.85000610351562
2021-10-14 00:00:00,,,162.6999969482422
2021-10-15 00:00:00,,,163.6300048828125
2021-10-18 00:00:00,,,171.0399932861328
2021-10-19 00:00:00,,,179.0
2021-10-20 00:00:00,,,180.9600067138672
2021-10-21 00:00:00,,,180.60000610351562
2021-10-22 00:00:00,,,177.63999938964844
2021-10-25 00:00:00,,,175.47000122070312
2021-10-26 00:00:00,,,168.8300018310547
2021-10-27 00:00:00,,,167.75
2021-10-28 00:00:00,,,168.7100067138672
2021-10-29 00:00:00,,,162.24000549316406
2021-11-01 00:00:00,,,170.32000732421875
2021-11-02 00:00:00,,,162.27000427246094
2021-11-03 00:00:00,,,165.3699951171875
2021-11-04 00:00:00,,,162.5800018310547
2021-11-05 00:00:00,,,158.22999572753906
2021-11-08 00:00:00,,,161.4199981689453
2021-11-09 00:00:00,,,161.6300048828125
2021-11-10 00:00:00,,,161.55999755859375
2021-11-11 00:00:00,,,167.25999450683594
2021-11-12 00:00:00,,,170.57000732421875
2021-11-15 00:00:00,,,168.6699981689453
2021-11-16 00:00:00,,,171.27000427246094
2021-11-17 00:00:00,,,161.82000732421875
2021-11-18 00:00:00,,,154.36000061035156
2021-11-19 00:00:00,,,151.77000427246094
2021-11-22 00:00:00,,,147.80999755859375
2021-11-23 00:00:00,,,150.49000549316406
2021-11-24 00:00:00,,,151.38999938964844
2021-11-26 00:00:00,,,153.05999755859375
2021-11-29 00:00:00,,,150.2899932861328
2021-11-30 00:00:00,,,149.83999633789062
2021-12-01 00:00:00,,,148.8300018310547
2021-12-02 00:00:00,,,148.9600067138672
2021-12-03 00:00:00,,,137.38999938964844
2021-12-06 00:00:00,,,147.64999389648438
2021-12-07 00:00:00,,,149.88999938964844
2021-12-08 00:00:00,,,148.92999267578125
2021-12-09 00:00:00,,,148.69000244140625
2021-12-10 00:00:00,,,149.33999633789062
2021-12-13 00:00:00,,,144.5500030517578
2021-12-14 00:00:00,,,142.88999938964844
2021-12-15 00:00:00,,,141.41000366210938
2021-12-16 00:00:00,,,140.1699981689453
2021-12-17 00:00:00,,,142.08999633789062
2021-12-20 00:00:00,,,137.55999755859375
2021-12-21 00:00:00,,,144.82000732421875
2021-12-22 00:00:00,,,143.4600067138672
2021-12-23 00:00:00,,,144.1199951171875
2021-12-27 00:00:00,,,143.77000427246094
2021-12-28 00:00:00,,,140.8800048828125
2021-12-29 00:00:00,,,136.3000030517578
2021-12-30 00:00:00,,,150.61000061035156
2021-12-31 00:00:00,,,148.7899932861328
2022-01-03 00:00:00,,,149.10000610351562
2022-01-04 00:00:00,,,146.52999877929688
2022-01-05 00:00:00,,,143.8800048828125
2022-01-06 00:00:00,,,150.75
2022-01-07 00:00:00,,,153.3300018310547
2022-01-10 00:00:00,,,152.36000061035156
2022-01-11 00:00:00,,,156.6999969482422
2022-01-12 00:00:00,,,159.36000061035156
2022-01-13 00:00:00,,,152.50999450683594
2022-01-14 00:00:00,,,154.52999877929688
2022-01-18 00:00:00,,,152.94000244140625
2022-01-19 00:00:00,,,154.47999572753906
2022-01-20 00:00:00,,,162.02999877929688
2022-01-21 00:00:00,,,156.83999633789062
2022-01-24 00:00:00,,,149.0500030517578
2022-01-25 00:00:00,,,150.97000122070312
2022-01-26 00:00:00,,,148.3000030517578
2022-01-27 00:00:00,,,143.72999572753906
2022-01-28 00:00:00,,,146.52999877929688
2022-01-31 00:00:00,,,159.74000549316406
2022-02-01 00:00:00,,,161.10000610351562
2022-02-02 00:00:00,,,158.27000427246094
2022-02-03 00:00:00,,,154.32000732421875
2022-02-04 00:00:00,,,158.3800048828125
2022-02-07 00:00:00,,,155.60000610351562
2022-02-08 00:00:00,,,162.99000549316406
2022-02-09 00:00:00,,,166.6999969482422
2022-02-10 00:00:00,,,164.55999755859375
2022-02-11 00:00:00,,,160.63999938964844
2022-02-14 00:00:00,,,160.7899932861328
2022-02-15 00:00:00,,,166.86000061035156
2022-02-16 00:00:00,,,167.35000610351562
2022-02-17 00:00:00,,,166.39999389648438
2022-02-18 00:00:00,,,157.72000122070312
2022-02-22 00:00:00,,,151.6699981689453
2022-02-23 00:00:00,,,149.82000732421875
2022-02-24 00:00:00,,,151.1199951171875
2022-02-25 00:00:00,,,153.11000061035156
2022-02-28 00:00:00,,,152.44000244140625
2022-03-01 00:00:00,,,162.86000061035156
2022-03-02 00:00:00,,,160.57000732421875
2022-03-03 00:00:00,,,155.19000244140625
2022-03-04 00:00:00,,,147.25999450683594
2022-03-07 00:00:00,,,138.3699951171875
2022-03-08 00:00:00,,,136.82000732421875
2022-03-09 00:00:00,,,144.22999572753906
2022-03-10 00:00:00,,,135.16000366210938
2022-03-11 00:00:00,,,118.91999816894531
2022-03-14 00:00:00,,,108.97000122070312
2022-03-15 00:00:00,,,108.37999725341797
2022-03-16 00:00:00,,,150.8699951171875
2022-03-17 00:00:00,,,147.14999389648438
2022-03-18 00:00:00,,,149.0399932861328
2022-03-21 00:00:00,,,146.67999267578125
2022-03-22 00:00:00,,,154.58999633789062
2022-03-23 00:00:00,,,154.89999389648438
2022-03-24 00:00:00,,,150.61000061035156
2022-03-25 00:00:00,,,146.5399932861328
2022-03-28 00:00:00,,,147.4499969482422
2022-03-29 00:00:00,,,147.69000244140625
2022-03-30 00:00:00,,,143.8300018310547
2022-03-31 00:00:00,,,132.3000030517578
2022-04-01 00:00:00,,,140.97000122070312
2022-04-04 00:00:00,,,153.8000030517578
2022-04-05 00:00:00,,,144.6199951171875
2022-04-06 00:00:00,,,140.0
2022-04-07 00:00:00,,,135.7100067138672
2022-04-08 00:00:00,,,134.75999450683594
2022-04-11 00:00:00,,,133.0500030517578
2022-04-12 00:00:00,,,130.99000549316406
2022-04-13 00:00:00,,,134.6699981689453
2022-04-14 00:00:00,,,129.55999755859375
2022-04-18 00:00:00,,,126.7300033569336
2022-04-19 00:00:00,,,126.61000061035156
2022-04-20 00:00:00,,,122.30999755859375
2022-04-21 00:00:00,,,115.97000122070312
2022-04-22 00:00:00,,,114.56999969482422
2022-04-25 00:00:00,,,116.56999969482422
2022-04-26 00:00:00,,,111.93000030517578
2022-04-27 00:00:00,,,118.5199966430664
2022-04-28 00:00:00,,,120.55000305175781
2022-04-29 00:00:00,,,124.16999816894531
2022-05-02 00:00:00,,,127.86000061035156
2022-05-03 00:00:00,,,127.56999969482422
2022-05-04 00:00:00,,,131.9499969482422
2022-05-05 00:00:00,,,124.08000183105469
2022-05-06 00:00:00,,,116.76000213623047
2022-05-09 00:00:00,,,106.62000274658203
2022-05-10 00:00:00,,,107.91000366210938
2022-05-11 00:00:00,,,106.08999633789062
2022-05-12 00:00:00,,,107.87999725341797
2022-05-13 00:00:00,,,116.94000244140625
2022-05-16 00:00:00,,,117.80000305175781
2022-05-17 00:00:00,,,123.44000244140625
2022-05-18 00:00:00,,,118.86000061035156
2022-05-19 00:00:00,,,125.33999633789062
2022-05-20 00:00:00,,,124.47000122070312
2022-05-23 00:00:00,,,124.0
2022-05-24 00:00:00,,,115.7300033569336
2022-05-25 00:00:00,,,119.31999969482422
2022-05-26 00:00:00,,,136.19000244140625
2022-05-27 00:00:00,,,139.08999633789062
2022-05-31 00:00:00,,,140.35000610351562
2022-06-01 00:00:00,,,141.30999755859375
2022-06-02 00:00:00,,,146.1999969482422
2022-06-03 00:00:00,,,143.4199981689453
2022-06-06 00:00:00,,,146.99000549316406
2022-06-07 00:00:00,,,150.5800018310547
2022-06-08 00:00:00,,,152.8800048828125
2022-06-09 00:00:00,,,145.50999450683594
2022-06-10 00:00:00,,,142.8699951171875
2022-06-13 00:00:00,,,131.8800048828125
2022-06-14 00:00:00,,,140.8000030517578
2022-06-15 00:00:00,,,144.82000732421875
2022-06-16 00:00:00,,,137.3800048828125
2022-06-17 00:00:00,,,139.8300018310547
2022-06-21 00:00:00,,,145.6300048828125
2022-06-22 00:00:00,,,142.69000244140625
2022-06-23 00:00:00,,,146.1300048828125
2022-06-24 00:00:00,,,151.33999633789062
2022-06-27 00:00:00,,,155.24000549316406
2022-06-28 00:00:00,,,153.7899932861328
2022-06-29 00:00:00,,,151.32000732421875
2022-06-30 00:00:00,,,148.72999572753906
2022-07-01 00:00:00,,,151.49000549316406
2022-07-05 00:00:00,,,154.25
2022-07-06 00:00:00,,,149.1999969482422
2022-07-07 00:00:00,,,154.69000244140625
2022-07-08 00:00:00,,,152.39999389648438
2022-07-11 00:00:00,,,143.72999572753906
2022-07-12 00:00:00,,,143.47999572753906
2022-07-13 00:00:00,,,145.25999450683594
2022-07-14 00:00:00,,,142.07000732421875
2022-07-15 00:00:00,,,140.08999633789062
2022-07-18 00:00:00,,,141.0800018310547
2022-07-19 00:00:00,,,142.3800048828125
2022-07-20 00:00:00,,,140.82000732421875
2022-07-21 00:00:00,,,144.57000732421875
2022-07-22 00:00:00,,,140.00999450683594
2022-07-25 00:00:00,,,140.25
2022-07-26 00:00:00,,,138.1699981689453
2022-07-27 00:00:00,,,141.00999450683594
2022-07-28 00:00:00,,,140.60000610351562
2022-07-29 00:00:00,,,136.57000732421875
2022-08-01 00:00:00,,,135.00999450683594
2022-08-02 00:00:00,,,134.16000366210938
2022-08-03 00:00:00,,,136.6300048828125
2022-08-04 00:00:00,,,140.07000732421875
2022-08-05 00:00:00,,,137.82000732421875
2022-08-08 00:00:00,,,136.39999389648438
2022-08-09 00:00:00,,,135.60000610351562
2022-08-10 00:00:00,,,137.74000549316406
2022-08-11 00:00:00,,,139.3800048828125
2022-08-12 00:00:00,,,140.36000061035156
2022-08-15 00:00:00,,,139.50999450683594
2022-08-16 00:00:00,,,136.13999938964844
2022-08-17 00:00:00,,,132.63999938964844
2022-08-18 00:00:00,,,128.3300018310547
2022-08-19 00:00:00,,,129.1300048828125
2022-08-22 00:00:00,,,131.4600067138672
2022-08-23 00:00:00,,,134.07000732421875
2022-08-24 00:00:00,,,138.89999389648438
2022-08-25 00:00:00,,,151.02000427246094
2022-08-26 00:00:00,,,147.7100067138672
2022-08-29 00:00:00,,,147.32000732421875
2022-08-30 00:00:00,,,137.69000244140625
2022-08-31 00:00:00,,,143.97000122070312
2022-09-01 00:00:00,,,144.47999572753906
2022-09-02 00:00:00,,,140.0500030517578
2022-09-06 00:00:00,,,134.89999389648438
2022-09-07 00:00:00,,,137.25
2022-09-08 00:00:00,,,135.86000061035156
2022-09-09 00:00:00,,,138.42999267578125
2022-09-12 00:00:00,,,139.55999755859375
2022-09-13 00:00:00,,,131.30999755859375
2022-09-14 00:00:00,,,128.77000427246094
2022-09-15 00:00:00,,,127.30999755859375
2022-09-16 00:00:00,,,123.69000244140625
2022-09-19 00:00:00,,,126.25
2022-09-20 00:00:00,,,126.16000366210938
2022-09-21 00:00:00,,,119.56999969482422
2022-09-22 00:00:00,,,118.81999969482422
2022-09-23 00:00:00,,,118.75
2022-09-26 00:00:00,,,119.47000122070312
2022-09-27 00:00:00,,,119.2699966430664
2022-09-28 00:00:00,,,121.4000015258789
2022-09-29 00:00:00,,,117.72000122070312
2022-09-30 00:00:00,,,117.48999786376953
2022-10-03 00:00:00,,,119.4800033569336
2022-10-04 00:00:00,,,123.30000305175781
2022-10-05 00:00:00,,,123.26000213623047
2022-10-06 00:00:00,,,122.66999816894531
2022-10-07 00:00:00,,,120.44000244140625
2022-10-10 00:00:00,,,115.05000305175781
2022-10-11 00:00:00,,,108.66000366210938
2022-10-12 00:00:00,,,107.47000122070312
2022-10-13 00:00:00,,,107.1500015258789
2022-10-14 00:00:00,,,100.29000091552734
2022-10-17 00:00:00,,,101.86000061035156
2022-10-18 00:00:00,,,102.29000091552734
2022-10-19 00:00:00,,,93.2699966430664
2022-10-20 00:00:00,,,93.37000274658203
2022-10-21 00:00:00,,,91.2300033569336
2022-10-24 00:00:00,,,79.75
2022-10-25 00:00:00,,,81.20999908447266
2022-10-26 00:00:00,,,84.19000244140625
2022-10-27 00:00:00,,,80.94999694824219
2022-10-28 00:00:00,,,78.54000091552734
2022-10-31 00:00:00,,,76.56999969482422
2022-11-01 00:00:00,,,78.2300033569336
2022-11-02 00:00:00,,,78.12999725341797
2022-11-03 00:00:00,,,78.1500015258789
2022-11-04 00:00:00,,,85.19999694824219
2022-11-07 00:00:00,,,85.0199966430664
2022-11-08 00:00:00,,,85.19000244140625
2022-11-09 00:00:00,,,79.4800033569336
2022-11-10 00:00:00,,,86.11000061035156
2022-11-11 00:00:00,,,89.45999908447266
2022-11-14 00:00:00,,,91.44999694824219
2022-11-15 00:00:00,,,99.69999694824219
2022-11-16 00:00:00,,,94.75
2022-11-17 00:00:00,,,99.58000183105469
2022-11-18 00:00:00,,,95.97000122070312
2022-11-21 00:00:00,,,94.55999755859375
2022-11-22 00:00:00,,,95.08000183105469
2022-11-23 00:00:00,,,97.0
2022-11-25 00:00:00,,,93.36000061035156
2022-11-28 00:00:00,,,94.63999938964844
2022-11-29 00:00:00,,,99.63999938964844
2022-11-30 00:00:00,,,108.5999984741211
2022-12-01 00:00:00,,,108.66999816894531
2022-12-02 00:00:00,,,113.80000305175781
2022-12-05 00:00:00,,,116.91999816894531
2022-12-06 00:00:00,,,117.33000183105469
2022-12-07 00:00:00,,,114.58000183105469
2022-12-08 00:00:00,,,120.33000183105469
2022-12-09 00:00:00,,,119.98999786376953
2022-12-12 00:00:00,,,116.5999984741211
2022-12-13 00:00:00,,,119.16000366210938
2022-12-14 00:00:00,,,119.22000122070312
2022-12-15 00:00:00,,,113.69999694824219
2022-12-16 00:00:00,,,112.58999633789062
2022-12-19 00:00:00,,,112.08000183105469
2022-12-20 00:00:00,,,108.11000061035156
2022-12-21 00:00:00,,,113.29000091552734
2022-12-22 00:00:00,,,112.73999786376953
2022-12-23 00:00:00,,,111.61000061035156
2022-12-27 00:00:00,,,116.4800033569336
2022-12-28 00:00:00,,,111.5999984741211
2022-12-29 00:00:00,,,115.0999984741211
2022-12-30 00:00:00,,,114.37999725341797
2023-01-03 00:00:00,,,119.12999725341797
2023-01-04 00:00:00,,,131.75999450683594
2023-01-05 00:00:00,,,132.52999877929688
2023-01-06 00:00:00,,,133.05999755859375
2023-01-09 00:00:00,,,133.38999938964844
2023-01-10 00:00:00,,,134.75
2023-01-11 00:00:00,,,138.6199951171875
2023-01-12 00:00:00,,,136.52000427246094
2023-01-13 00:00:00,,,138.97999572753906
2023-01-17 00:00:00,,,130.6199951171875
2023-01-18 00:00:00,,,125.91999816894531
2023-01-19 00:00:00,,,128.17999267578125
2023-01-20 00:00:00,,,135.75
2023-01-23 00:00:00,,,136.33999633789062
2023-01-24 00:00:00,,,132.7899932861328
2023-01-25 00:00:00,,,134.22999572753906
2023-01-26 00:00:00,,,138.42999267578125
2023-01-27 00:00:00,,,139.0399932861328
2023-01-30 00:00:00,,,138.47999572753906
2023-01-31 00:00:00,,,134.67999267578125
2023-02-01 00:00:00,,,152.25
2023-02-02 00:00:00,,,151.2899932861328
2023-02-03 00:00:00,,,143.05999755859375
2023-02-06 00:00:00,,,142.82000732421875
2023-02-07 00:00:00,,,160.22000122070312
2023-02-08 00:00:00,,,152.33999633789062
2023-02-09 00:00:00,,,148.07000732421875
2023-02-10 00:00:00,,,138.99000549316406
2023-02-13 00:00:00,,,146.86000061035156
2023-02-14 00:00:00,,,149.07000732421875
2023-02-15 00:00:00,,,152.0399932861328
2023-02-16 00:00:00,,,149.00999450683594
2023-02-17 00:00:00,,,141.7100067138672
2023-02-21 00:00:00,,,140.82000732421875
2023-02-22 00:00:00,,,137.1199951171875
2023-02-23 00:00:00,,,137.94000244140625
2023-02-24 00:00:00,,,132.50999450683594
2023-02-27 00:00:00,,,139.36000061035156
2023-02-28 00:00:00,,,137.69000244140625
2023-03-01 00:00:00,,,143.66000366210938
2023-03-02 00:00:00,,,150.22999572753906
2023-03-03 00:00:00,,,153.4600067138672
2023-03-06 00:00:00,,,149.50999450683594
2023-03-07 00:00:00,,,142.63999938964844
2023-03-08 00:00:00,,,142.10000610351562
2023-03-09 00:00:00,,,131.4600067138672
2023-03-10 00:00:00,,,132.4199981689453
2023-03-13 00:00:00,,,133.64999389648438
2023-03-14 00:00:00,,,136.6999969482422
2023-03-15 00:00:00,,,133.10000610351562
2023-03-16 00:00:00,,,138.16000366210938
2023-03-17 00:00:00,,,146.83999633789062
2023-03-20 00:00:00,,,150.17999267578125
2023-03-21 00:00:00,,,151.75
2023-03-22 00:00:00,,,148.66000366210938
2023-03-23 00:00:00,,,150.91000366210938
2023-03-24 00:00:00,,,156.27000427246094
2023-03-27 00:00:00,,,152.72999572753906
2023-03-28 00:00:00,,,159.9600067138672
2023-03-29 00:00:00,,,157.9499969482422
2023-03-30 00:00:00,,,153.82000732421875
2023-03-31 00:00:00,,,150.9199981689453
2023-04-03 00:00:00,,,149.19000244140625
2023-04-04 00:00:00,,,148.57000732421875
2023-04-05 00:00:00,,,144.5399932861328
2023-04-06 00:00:00,,,144.99000549316406
2023-04-10 00:00:00,,,139.0
2023-04-11 00:00:00,,,136.69000244140625
2023-04-12 00:00:00,,,136.39999389648438
2023-04-13 00:00:00,,,132.72999572753906
2023-04-14 00:00:00,,,128.75
2023-04-17 00:00:00,,,131.5399932861328
2023-04-18 00:00:00,,,131.17999267578125
2023-04-19 00:00:00,,,128.14999389648438
2023-04-20 00:00:00,,,127.44000244140625
2023-04-21 00:00:00,,,124.95999908447266
2023-04-24 00:00:00,,,122.62000274658203
2023-04-25 00:00:00,,,116.94000244140625
2023-04-26 00:00:00,,,117.06999969482422
2023-04-27 00:00:00,,,118.45999908447266
2023-04-28 00:00:00,,,120.61000061035156
2023-05-01 00:00:00,,,121.27999877929688
2023-05-02 00:00:00,,,117.52999877929688
2023-05-03 00:00:00,,,116.69000244140625
2023-05-04 00:00:00,,,121.3499984741211
2023-05-05 00:00:00,,,123.44999694824219
2023-05-08 00:00:00,,,122.48999786376953
2023-05-09 00:00:00,,,119.4800033569336
2023-05-10 00:00:00,,,118.9000015258789
2023-05-11 00:00:00,,,124.16999816894531
2023-05-12 00:00:00,,,120.06999969482422
2023-05-15 00:00:00,,,127.61000061035156
2023-05-16 00:00:00,,,132.67999267578125
2023-05-17 00:00:00,,,130.52000427246094
2023-05-18 00:00:00,,,124.73999786376953
2023-05-19 00:00:00,,,124.27999877929688
2023-05-22 00:00:00,,,125.94999694824219
2023-05-23 00:00:00,,,121.55999755859375
2023-05-24 00:00:00,,,119.11000061035156
2023-05-25 00:00:00,,,118.66999816894531
2023-05-26 00:00:00,,,126.08000183105469
2023-05-30 00:00:00,,,123.62000274658203
2023-05-31 00:00:00,,,122.8499984741211
2023-06-01 00:00:00,,,130.7899932861328
2023-06-02 00:00:00,,,133.4499969482422
2023-06-05 00:00:00,,,132.27000427246094
2023-06-06 00:00:00,,,137.4499969482422
2023-06-07 00:00:00,,,132.7899932861328
2023-06-08 00:00:00,,,133.39999389648438
2023-06-09 00:00:00,,,135.1999969482422
2023-06-12 00:00:00,,,134.36000061035156
2023-06-13 00:00:00,,,142.57000732421875
2023-06-14 00:00:00,,,147.2100067138672
2023-06-15 00:00:00,,,148.7100067138672
2023-06-16 00:00:00,,,145.11000061035156
2023-06-20 00:00:00,,,143.52000427246094
2023-06-21 00:00:00,,,140.86000061035156
2023-06-22 00:00:00,,,141.9199981689453
2023-06-23 00:00:00,,,139.2899932861328
2023-06-26 00:00:00,,,139.58999633789062
2023-06-27 00:00:00,,,143.89999389648438
2023-06-28 00:00:00,,,141.7899932861328
2023-06-29 00:00:00,,,134.55999755859375
2023-06-30 00:00:00,,,136.91000366210938
2023-07-03 00:00:00,,,143.3300018310547
2023-07-05 00:00:00,,,141.91000366210938
2023-07-06 00:00:00,,,138.19000244140625
2023-07-07 00:00:00,,,142.66000366210938
2023-07-10 00:00:00,,,142.9499969482422
2023-07-11 00:00:00,,,143.3300018310547
2023-07-12 00:00:00,,,148.8300018310547
2023-07-13 00:00:00,,,152.30999755859375
2023-07-14 00:00:00,,,149.2100067138672
2023-07-17 00:00:00,,,149.66000366210938
2023-07-18 00:00:00,,,144.22999572753906
2023-07-19 00:00:00,,,143.6999969482422
2023-07-20 00:00:00,,,143.02999877929688
2023-07-21 00:00:00,,,141.5
2023-07-24 00:00:00,,,148.72999572753906
2023-07-25 00:00:00,,,148.72999572753906
2023-07-26 00:00:00,,,149.57000732421875
2023-07-27 00:00:00,,,148.02999877929688
2023-07-28 00:00:00,,,155.36000061035156
2023-07-31 00:00:00,,,155.99000549316406
2023-08-01 00:00:00,,,153.19000244140625
2023-08-02 00:00:00,,,146.69000244140625
2023-08-03 00:00:00,,,149.92999267578125
2023-08-04 00:00:00,,,148.25999450683594
2023-08-07 00:00:00,,,147.0
2023-08-08 00:00:00,,,143.9199981689453
2023-08-09 00:00:00,,,142.92999267578125
2023-08-10 00:00:00,,,143.8000030517578
2023-08-11 00:00:00,,,137.91000366210938
2023-08-14 00:00:00,,,137.58999633789062
2023-08-15 00:00:00,,,135.33999633789062
2023-08-16 00:00:00,,,130.5800018310547
2023-08-17 00:00:00,,,129.8699951171875
2023-08-18 00:00:00,,,125.16000366210938
2023-08-21 00:00:00,,,124.91999816894531
2023-08-22 00:00:00,,,128.36000061035156
2023-08-23 00:00:00,,,132.50999450683594
2023-08-24 00:00:00,,,134.00999450683594
2023-08-25 00:00:00,,,133.8300018310547
2023-08-28 00:00:00,,,137.27999877929688
2023-08-29 00:00:00,,,140.7100067138672
2023-08-30 00:00:00,,,145.0800018310547
2023-08-31 00:00:00,,,142.8300018310547
2023-09-01 00:00:00,,,146.47000122070312
2023-09-05 00:00:00,,,142.60000610351562
2023-09-06 00:00:00,,,141.86000061035156
2023-09-07 00:00:00,,,137.07000732421875
2023-09-08 00:00:00,,,135.6699981689453
2023-09-11 00:00:00,,,138.13999938964844
2023-09-12 00:00:00,,,138.0500030517578
2023-09-13 00:00:00,,,137.47000122070312
2023-09-14 00:00:00,,,137.0399932861328
2023-09-15 00:00:00,,,135.63999938964844
2023-09-18 00:00:00,,,134.00999450683594
2023-09-19 00:00:00,,,132.52000427246094
2023-09-20 00:00:00,,,131.17999267578125
2023-09-21 00:00:00,,,128.0
2023-09-22 00:00:00,,,132.35000610351562
2023-09-25 00:00:00,,,132.0500030517578
2023-09-26 00:00:00,,,131.00999450683594
2023-09-27 00:00:00,,,131.52999877929688
2023-09-28 00:00:00,,,132.4499969482422
2023-09-29 00:00:00,,,134.35000610351562
2023-10-02 00:00:00,,,133.0500030517578
2023-10-03 00:00:00,,,129.1699981689453
2023-10-04 00:00:00,,,127.80999755859375
2023-10-05 00:00:00,,,130.10000610351562
2023-10-06 00:00:00,,,134.75999450683594
2023-10-09 00:00:00,,,133.5800018310547
2023-10-10 00:00:00,,,134.63999938964844
2023-10-11 00:00:00,,,134.1199951171875
2023-10-12 00:00:00,,,128.1199951171875
2023-10-13 00:00:00,,,125.18000030517578
2023-10-16 00:00:00,,,124.91000366210938
2023-10-17 00:00:00,,,119.76000213623047
2023-10-18 00:00:00,,,114.70999908447266
2023-10-19 00:00:00,,,107.86000061035156
2023-10-20 00:00:00,,,106.45999908447266
2023-10-23 00:00:00,,,107.4000015258789
2023-10-24 00:00:00,,,111.43000030517578
2023-10-25 00:00:00,,,107.9800033569336
2023-10-26 00:00:00,,,108.63999938964844
2023-10-27 00:00:00,,,107.05999755859375
2023-10-30 00:00:00,,,106.16999816894531
2023-10-31 00:00:00,,,105.0
2023-11-01 00:00:00,,,104.97000122070312
2023-11-02 00:00:00,,,107.05000305175781
2023-11-03 00:00:00,,,109.66000366210938
2023-11-06 00:00:00,,,108.4000015258789
2023-11-07 00:00:00,,,108.01000213623047
2023-11-08 00:00:00,,,107.41999816894531
2023-11-09 00:00:00,,,105.16000366210938
2023-11-10 00:00:00,,,105.94000244140625
2023-11-13 00:00:00,,,107.20999908447266
2023-11-14 00:00:00,,,109.54000091552734
2023-11-15 00:00:00,,,112.83999633789062
2023-11-16 00:00:00,,,109.29000091552734
2023-11-17 00:00:00,,,108.0999984741211
2023-11-20 00:00:00,,,111.29000091552734
2023-11-21 00:00:00,,,113.41999816894531
2023-11-22 00:00:00,,,120.12000274658203
2023-11-24 00:00:00,,,123.4000015258789
2023-11-27 00:00:00,,,124.0
2023-11-28 00:00:00,,,119.62999725341797
2023-11-29 00:00:00,,,118.02999877929688
2023-11-30 00:00:00,,,118.66000366210938
2023-12-01 00:00:00,,,116.7699966430664
2023-12-04 00:00:00,,,113.69999694824219
2023-12-05 00:00:00,,,113.55000305175781
2023-12-06 00:00:00,,,113.37999725341797
2023-12-07 00:00:00,,,115.77999877929688
2023-12-08 00:00:00,,,113.44999694824219
2023-12-11 00:00:00,,,113.55999755859375
2023-12-12 00:00:00,,,113.1500015258789
2023-12-13 00:00:00,,,112.36000061035156
2023-12-14 00:00:00,,,112.91000366210938
2023-12-15 00:00:00,,,114.12000274658203
2023-12-18 00:00:00,,,112.26000213623047
2023-12-19 00:00:00,,,114.62000274658203
2023-12-20 00:00:00,,,111.2300033569336
2023-12-21 00:00:00,,,117.61000061035156
2023-12-22 00:00:00,,,114.73999786376953
2023-12-26 00:00:00,,,114.66999816894531
2023-12-27 00:00:00,,,114.38999938964844
2023-12-28 00:00:00,,,117.81999969482422
2023-12-29 00:00:00,,,119.08999633789062
2024-01-02 00:00:00,,,115.33999633789062
2024-01-03 00:00:00,,,117.69000244140625
2024-01-04 00:00:00,,,118.31999969482422
2024-01-05 00:00:00,,,118.1500015258789
2024-01-08 00:00:00,,,117.9000015258789
2024-01-09 00:00:00,,,116.19999694824219
2024-01-10 00:00:00,,,115.79000091552734
2024-01-11 00:00:00,,,117.31999969482422
2024-01-12 00:00:00,,,109.11000061035156
2024-01-16 00:00:00,,,104.5
2024-01-17 00:00:00,,,102.19999694824219
2024-01-18 00:00:00,,,103.63999938964844
2024-01-19 00:00:00,,,102.6500015258789
2024-01-22 00:00:00,,,99.72000122070312
2024-01-23 00:00:00,,,107.19000244140625
2024-01-24 00:00:00,,,110.62000274658203
2024-01-25 00:00:00,,,108.61000061035156
2024-01-26 00:00:00,,,107.66000366210938
2024-01-29 00:00:00,,,107.76000213623047
2024-01-30 00:00:00,,,105.29000091552734
2024-01-31 00:00:00,,,105.30999755859375
2024-02-01 00:00:00,,,104.9800033569336
2024-02-02 00:00:00,,,102.79000091552734
2024-02-05 00:00:00,,,103.61000061035156
2024-02-06 00:00:00,,,107.55999755859375
2024-02-07 00:00:00,,,105.30000305175781
2024-02-08 00:00:00,,,103.16999816894531
2024-02-09 00:00:00,,,105.69000244140625
2024-02-12 00:00:00,,,106.70999908447266
2024-02-13 00:00:00,,,103.80999755859375
2024-02-14 00:00:00,,,106.70999908447266
2024-02-15 00:00:00,,,106.83999633789062
2024-02-16 00:00:00,,,107.12000274658203
2024-02-20 00:00:00,,,105.54000091552734
2024-02-21 00:00:00,,,107.22000122070312
2024-02-22 00:00:00,,,110.58999633789062
2024-02-23 00:00:00,,,111.36000061035156
2024-02-26 00:00:00,,,110.58999633789062
2024-02-27 00:00:00,,,112.36000061035156
2024-02-28 00:00:00,,,103.30999755859375
2024-02-29 00:00:00,,,101.33000183105469
2024-03-01 00:00:00,,,104.0199966430664
2024-03-04 00:00:00,,,100.72000122070312
2024-03-05 00:00:00,,,98.25
2024-03-06 00:00:00,,,99.37999725341797
2024-03-07 00:00:00,,,97.80999755859375
2024-03-08 00:00:00,,,98.2699966430664
2024-03-11 00:00:00,,,101.29000091552734
2024-03-12 00:00:00,,,105.2699966430664
2024-03-13 00:00:00,,,107.88999938964844
2024-03-14 00:00:00,,,104.63999938964844
2024-03-15 00:00:00,,,103.86000061035156
2024-03-18 00:00:00,,,104.7699966430664
2024-03-19 00:00:00,,,104.16999816894531
2024-03-20 00:00:00,,,103.88999938964844
2024-03-21 00:00:00,,,101.69999694824219
2024-03-22 00:00:00,,,102.18000030517578
2024-03-25 00:00:00,,,105.66000366210938
2024-03-26 00:00:00,,,103.66000366210938
2024-03-27 00:00:00,,,104.98999786376953
2024-03-28 00:00:00,,,105.27999877929688
2024-04-01 00:00:00,,,108.44000244140625
2024-04-02 00:00:00,,,108.52999877929688
2024-04-03 00:00:00,,,108.31999969482422
2024-04-04 00:00:00,,,108.47000122070312
2024-04-05 00:00:00,,,106.48999786376953
2024-04-08 00:00:00,,,103.05000305175781
2024-04-09 00:00:00,,,103.5
2024-04-10 00:00:00,,,101.61000061035156
2024-04-11 00:00:00,,,102.31999969482422
2024-04-12 00:00:00,,,97.54000091552734
2024-04-15 00:00:00,,,96.20999908447266
2024-04-16 00:00:00,,,96.12000274658203
2024-04-17 00:00:00,,,94.41000366210938
2024-04-18 00:00:00,,,95.58000183105469
2024-04-19 00:00:00,,,95.05000305175781
2024-04-22 00:00:00,,,97.23999786376953
2024-04-23 00:00:00,,,98.2300033569336
2024-04-24 00:00:00,,,99.19000244140625
2024-04-25 00:00:00,,,99.9000015258789
2024-04-26 00:00:00,,,100.5199966430664
2024-04-29 00:00:00,,,106.16999816894531
2024-04-30 00:00:00,,,103.4000015258789
2024-05-01 00:00:00,,,104.31999969482422
2024-05-02 00:00:00,,,111.75
2024-05-03 00:00:00,,,113.41000366210938
2024-05-06 00:00:00,,,113.33000183105469
2024-05-07 00:00:00,,,110.52999877929688
2024-05-08 00:00:00,,,109.5999984741211
2024-05-09 00:00:00,,,110.87000274658203
2024-05-10 00:00:00,,,108.66000366210938
2024-05-13 00:00:00,,,111.79000091552734
2024-05-14 00:00:00,,,109.41999816894531
2024-05-15 00:00:00,,,110.75
2024-05-16 00:00:00,,,112.58999633789062
2024-05-17 00:00:00,,,110.58000183105469
2024-05-20 00:00:00,,,108.87000274658203
2024-05-21 00:00:00,,,105.13999938964844
2024-05-22 00:00:00,,,102.41000366210938
2024-05-23 00:00:00,,,101.43000030517578
2024-05-24 00:00:00,,,100.27999877929688
2024-05-28 00:00:00,,,99.76000213623047
2024-05-29 00:00:00,,,98.47000122070312
2024-05-30 00:00:00,,,98.91000366210938
2024-05-31 00:00:00,,,97.19999694824219
2024-06-03 00:00:00,,,95.66999816894531
2024-06-04 00:00:00,,,94.8499984741211
2024-06-05 00:00:00,,,97.4000015258789
2024-06-06 00:00:00,,,97.76000213623047
2024-06-07 00:00:00,,,95.88999938964844
2024-06-10 00:00:00,,,95.4800033569336
2024-06-11 00:00:00,,,93.94999694824219
2024-06-12 00:00:00,,,94.37999725341797
2024-06-13 00:00:00,,,93.98999786376953
2024-06-14 00:00:00,,,91.98999786376953
2024-06-17 00:00:00,,,91.41000366210938
2024-06-18 00:00:00,,,90.87000274658203
2024-06-20 00:00:00,,,88.80999755859375
2024-06-21 00:00:00,,,88.58999633789062
2024-06-24 00:00:00,,,88.7300033569336
2024-06-25 00:00:00,,,88.55000305175781
2024-06-26 00:00:00,,,88.22000122070312
2024-06-27 00:00:00,,,87.04000091552734
2024-06-28 00:00:00,,,86.4800033569336
2024-07-01 00:00:00,,,86.20999908447266
2024-07-02 00:00:00,,,86.87000274658203
2024-07-03 00:00:00,,,90.05999755859375
2024-07-05 00:00:00,,,88.97000122070312
2024-07-08 00:00:00,,,87.94999694824219
2024-07-09 00:00:00,,,95.4000015258789
2024-07-10 00:00:00,,,97.94000244140625
2024-07-11 00:00:00,,,100.66999816894531
2024-07-12 00:00:00,,,99.06999969482422
2024-07-15 00:00:00,,,93.1500015258789
2024-07-16 00:00:00,,,93.7300033569336
2024-07-17 00:00:00,,,91.08999633789062
2024-07-18 00:00:00,,,90.9000015258789
2024-07-19 00:00:00,,,90.37000274658203
2024-07-22 00:00:00,,,92.2699966430664
2024-07-23 00:00:00,,,90.37000274658203
2024-07-24 00:00:00,,,88.75
2024-07-25 00:00:00,,,87.79000091552734
2024-07-26 00:00:00,,,88.9800033569336
2024-07-29 00:00:00,,,90.5
2024-07-30 00:00:00,,,88.73999786376953
2024-07-31 00:00:00,,,88.56999969482422
2024-08-01 00:00:00,,,86.41999816894531
2024-08-02 00:00:00,,,84.48999786376953
2024-08-05 00:00:00,,,82.38999938964844
2024-08-06 00:00:00,,,83.01000213623047
2024-08-07 00:00:00,,,82.01000213623047
2024-08-08 00:00:00,,,86.54000091552734
2024-08-09 00:00:00,,,85.0999984741211
2024-08-12 00:00:00,,,85.2300033569336
2024-08-13 00:00:00,,,86.19999694824219
2024-08-14 00:00:00,,,83.98999786376953
2024-08-15 00:00:00,,,86.18000030517578
2024-08-16 00:00:00,,,88.97000122070312
2024-08-19 00:00:00,,,90.18000030517578
2024-08-20 00:00:00,,,87.9800033569336
2024-08-21 00:00:00,,,89.73999786376953
2024-08-22 00:00:00,,,85.79000091552734
2024-08-23 00:00:00,,,85.69999694824219
2024-08-26 00:00:00,,,86.22000122070312
2024-08-27 00:00:00,,,84.81999969482422
2024-08-28 00:00:00,,,82.36000061035156
2024-08-29 00:00:00,,,83.81999969482422
2024-08-30 00:00:00,,,84.62000274658203
